EMP_ID,EMP_NAME
100,Steven
101,Neena
102,Lex
103,Alexander
104,Bruce
105,David
106,Valli
107,Diana
108,Nancy
109,Daniel
110,John
111,Ismael
112,Jose Manuel
113,Luis
114,Den
115,Alexander
116,Shelli
117,Sigal
118,Guy
119,Karen
120,Matthew
121,Adam
122,Payam
123,Shanta
124,Kevin
125,Julia
126,Irene
127,James
128,Steven
129,Laura
130,Mozhe
131,James
132,TJ
133,Jason
134,Michael
135,Ki
136,Hazel
137,Renske
138,Stephen
139,John
140,Joshua
141,Trenna
142,Curtis
143,Randall
144,Peter
145,John
146,Karen
147,Alberto
148,Gerald
149,Eleni
150,Peter
151,David
152,Peter
153,Christopher
154,Nanette
155,Oliver
156,Janette
157,Patrick
158,Allan
159,Lindsey
160,Louise
161,Sarath
162,Clara
163,Danielle
164,Mattea
165,David
166,Sundar
167,Amit
168,Lisa
169,Harrison
170,Tayler
171,William
172,Elizabeth
173,Sundita
174,Ellen
175,Alyssa
176,Jonathon
177,Jack
178,Kimberely
179,Charles
180,Winston
181,Jean
182,Martha
183,Girard
184,Nandita
185,Alexis
186,Julia
187,Anthony
188,Kelly
189,Jennifer
190,Timothy
191,Randall
192,Sarah
193,Britney
194,Samuel
195,Vance
196,Alana
197,Kevin
198,Donald
199,Douglas
200,Jennifer
201,Michael
202,Pat
203,Susan
204,Hermann
205,Shelley
206,William
